datetime,money,coffee_name,month,day,hour
2024-03-01 10:15:50.520,38.7,7,2024-03,Friday,10
2024-03-01 12:19:22.539,38.7,6,2024-03,Friday,12
2024-03-01 12:20:18.089,38.7,6,2024-03,Friday,12
2024-03-01 13:46:33.006,28.9,0,2024-03,Friday,13
2024-03-01 13:48:14.626,38.7,7,2024-03,Friday,13
2024-03-01 15:39:47.726,33.8,1,2024-03,Friday,15
2024-03-01 16:19:02.756,38.7,6,2024-03,Friday,16
2024-03-01 18:39:03.580,33.8,1,2024-03,Friday,18
2024-03-01 19:22:01.762,38.7,3,2024-03,Friday,19
2024-03-01 19:23:15.887,33.8,1,2024-03,Friday,19
2024-03-01 19:29:17.391,33.8,1,2024-03,Friday,19
2024-03-02 10:22:06.957,28.9,0,2024-03,Saturday,10
2024-03-02 10:30:35.668,40.0,7,2024-03,Saturday,10
2024-03-02 10:41:41.249,33.8,1,2024-03,Saturday,10
2024-03-02 11:59:45.484,33.8,1,2024-03,Saturday,11
2024-03-02 14:38:35.535,28.9,0,2024-03,Saturday,14
2024-03-02 16:37:24.475,33.8,1,2024-03,Saturday,16
2024-03-02 17:34:54.969,28.9,0,2024-03,Saturday,17
2024-03-03 10:10:43.981,40.0,7,2024-03,Sunday,10
2024-03-03 10:27:18.561,38.7,7,2024-03,Sunday,10
2024-03-03 11:33:56.118,28.9,4,2024-03,Sunday,11
2024-03-03 12:26:56.098,28.9,0,2024-03,Sunday,12
2024-03-03 13:09:36.321,38.7,6,2024-03,Sunday,13
2024-03-03 17:06:40.271,38.7,3,2024-03,Sunday,17
2024-03-03 17:08:45.895,28.9,4,2024-03,Sunday,17
2024-03-03 18:03:23.369,33.8,1,2024-03,Sunday,18
2024-03-03 18:04:27.946,33.8,1,2024-03,Sunday,18
2024-03-03 18:08:04.959,38.7,6,2024-03,Sunday,18
2024-03-04 10:03:51.994,38.7,7,2024-03,Monday,10
2024-03-04 10:54:50.958,38.7,7,2024-03,Monday,10
2024-03-04 11:05:16.184,33.8,1,2024-03,Monday,11
2024-03-04 14:04:37.734,24.0,5,2024-03,Monday,14
2024-03-05 09:59:52.651,38.7,7,2024-03,Tuesday,9
2024-03-05 14:34:55.963,38.7,7,2024-03,Tuesday,14
2024-03-05 17:34:06.043,38.7,7,2024-03,Tuesday,17
2024-03-05 17:35:25.021,38.7,6,2024-03,Tuesday,17
2024-03-05 17:36:28.571,38.7,3,2024-03,Tuesday,17
2024-03-05 17:37:13.659,38.7,6,2024-03,Tuesday,17
2024-03-05 17:38:09.354,38.7,6,2024-03,Tuesday,17
2024-03-05 17:56:15.776,28.9,4,2024-03,Tuesday,17
2024-03-05 18:01:31.242,38.7,6,2024-03,Tuesday,18
2024-03-06 12:30:27.089,35.0,1,2024-03,Wednesday,12
2024-03-06 13:24:07.667,28.9,0,2024-03,Wednesday,13
2024-03-06 13:25:14.351,28.9,4,2024-03,Wednesday,13
2024-03-06 14:52:01.761,38.7,2,2024-03,Wednesday,14
2024-03-06 14:53:18.344,38.7,2,2024-03,Wednesday,14
2024-03-07 10:08:58.945,40.0,7,2024-03,Thursday,10
2024-03-07 10:18:40.543,38.7,6,2024-03,Thursday,10
2024-03-07 11:03:58.976,38.7,7,2024-03,Thursday,11
2024-03-07 11:25:43.977,40.0,7,2024-03,Thursday,11
2024-03-07 15:40:22.606,28.9,0,2024-03,Thursday,15
2024-03-07 15:41:28.784,33.8,1,2024-03,Thursday,15
2024-03-08 10:34:41.283,28.9,4,2024-03,Friday,10
2024-03-08 12:22:28.653,38.7,2,2024-03,Friday,12
2024-03-08 13:53:02.042,28.9,0,2024-03,Friday,13
2024-03-08 14:44:12.686,28.9,0,2024-03,Friday,14
2024-03-08 14:45:11.048,28.9,0,2024-03,Friday,14
2024-03-08 14:46:11.155,33.8,1,2024-03,Friday,14
2024-03-08 18:57:51.451,38.7,7,2024-03,Friday,18
2024-03-08 18:59:24.941,38.7,7,2024-03,Friday,18
2024-03-09 11:49:37.292,40.0,6,2024-03,Saturday,11
2024-03-09 12:05:15.559,24.0,5,2024-03,Saturday,12
2024-03-09 12:07:38.275,28.9,0,2024-03,Saturday,12
2024-03-09 12:09:47.714,38.7,2,2024-03,Saturday,12
2024-03-09 12:13:03.521,28.9,0,2024-03,Saturday,12
2024-03-09 12:14:26.458,28.9,0,2024-03,Saturday,12
2024-03-09 13:09:22.229,38.7,7,2024-03,Saturday,13
2024-03-09 13:41:06.167,33.8,1,2024-03,Saturday,13
2024-03-09 13:53:10.408,28.9,4,2024-03,Saturday,13
2024-03-09 13:54:36.828,38.7,2,2024-03,Saturday,13
2024-03-09 14:08:01.829,33.8,1,2024-03,Saturday,14
2024-03-09 14:26:52.873,38.7,6,2024-03,Saturday,14
2024-03-09 19:17:57.572,38.7,2,2024-03,Saturday,19
2024-03-09 19:19:10.084,38.7,6,2024-03,Saturday,19
2024-03-10 07:44:18.538,30.0,0,2024-03,Sunday,7
2024-03-10 07:45:29.441,35.0,1,2024-03,Sunday,7
2024-03-10 10:06:02.960,40.0,7,2024-03,Sunday,10
2024-03-10 11:19:20.764,24.0,5,2024-03,Sunday,11
2024-03-10 17:51:03.048,35.0,1,2024-03,Sunday,17
2024-03-10 19:34:00.478,38.7,7,2024-03,Sunday,19
2024-03-10 19:35:54.712,28.9,4,2024-03,Sunday,19
2024-03-11 10:18:46.724,40.0,7,2024-03,Monday,10
2024-03-11 11:24:15.022,40.0,2,2024-03,Monday,11
2024-03-11 11:24:51.565,30.0,4,2024-03,Monday,11
2024-03-11 11:26:44.221,30.0,0,2024-03,Monday,11
2024-03-11 11:32:58.781,38.7,2,2024-03,Monday,11
2024-03-11 16:24:26.401,28.9,0,2024-03,Monday,16
2024-03-11 16:25:45.664,38.7,7,2024-03,Monday,16
2024-03-11 16:50:49.608,28.9,4,2024-03,Monday,16
2024-03-12 10:15:00.297,40.0,7,2024-03,Tuesday,10
2024-03-12 10:15:34.543,28.9,0,2024-03,Tuesday,10
2024-03-12 10:16:24.886,28.9,4,2024-03,Tuesday,10
2024-03-12 11:20:45.632,38.7,6,2024-03,Tuesday,11
2024-03-12 12:46:23.275,33.8,1,2024-03,Tuesday,12
2024-03-12 12:47:26.027,28.9,0,2024-03,Tuesday,12
2024-03-12 16:15:43.325,28.9,0,2024-03,Tuesday,16
2024-03-13 11:06:43.038,38.7,6,2024-03,Wednesday,11
2024-03-13 11:48:16.753,28.9,0,2024-03,Wednesday,11
2024-03-13 12:18:06.336,28.9,0,2024-03,Wednesday,12
2024-03-13 12:19:05.128,28.9,0,2024-03,Wednesday,12
2024-03-13 12:34:30.315,25.0,5,2024-03,Wednesday,12
2024-03-13 14:26:40.875,33.8,1,2024-03,Wednesday,14
2024-03-13 15:40:22.261,24.0,5,2024-03,Wednesday,15
2024-03-13 15:41:20.424,24.0,5,2024-03,Wednesday,15
2024-03-13 16:47:09.373,24.0,5,2024-03,Wednesday,16
2024-03-14 10:02:12.241,40.0,7,2024-03,Thursday,10
2024-03-14 10:28:33.017,38.7,7,2024-03,Thursday,10
2024-03-14 10:29:34.283,38.7,6,2024-03,Thursday,10
2024-03-14 13:27:29.536,28.9,4,2024-03,Thursday,13
2024-03-14 13:28:24.527,28.9,0,2024-03,Thursday,13
2024-03-14 13:51:59.905,33.8,1,2024-03,Thursday,13
2024-03-14 13:52:56.248,24.0,5,2024-03,Thursday,13
2024-03-14 15:20:38.367,38.7,7,2024-03,Thursday,15
2024-03-14 16:04:09.506,33.8,1,2024-03,Thursday,16
2024-03-14 16:54:38.202,24.0,5,2024-03,Thursday,16
2024-03-14 18:58:55.854,38.7,6,2024-03,Thursday,18
2024-03-14 19:00:08.663,28.9,4,2024-03,Thursday,19
2024-03-15 10:02:16.533,40.0,7,2024-03,Friday,10
2024-03-15 10:53:02.180,38.7,6,2024-03,Friday,10
2024-03-15 18:19:27.922,28.9,0,2024-03,Friday,18
2024-03-16 12:06:55.209,33.8,1,2024-03,Saturday,12
2024-03-16 12:07:53.915,28.9,0,2024-03,Saturday,12
2024-03-16 15:58:18.458,28.9,4,2024-03,Saturday,15
2024-03-16 16:03:21.738,28.9,4,2024-03,Saturday,16
2024-03-16 16:04:11.444,28.9,4,2024-03,Saturday,16
2024-03-16 17:58:07.241,33.8,1,2024-03,Saturday,17
2024-03-17 10:10:21.399,40.0,7,2024-03,Sunday,10
2024-03-17 12:55:26.065,28.9,4,2024-03,Sunday,12
2024-03-18 11:17:59.671,28.9,4,2024-03,Monday,11
2024-03-18 15:31:39.725,28.9,0,2024-03,Monday,15
2024-03-18 15:32:38.239,28.9,0,2024-03,Monday,15
2024-03-18 15:33:36.708,28.9,0,2024-03,Monday,15
2024-03-19 10:20:25.996,30.0,4,2024-03,Tuesday,10
2024-03-19 14:02:21.536,38.7,7,2024-03,Tuesday,14
2024-03-19 14:03:19.765,38.7,7,2024-03,Tuesday,14
2024-03-19 15:04:36.309,38.7,6,2024-03,Tuesday,15
2024-03-19 16:53:48.706,33.8,1,2024-03,Tuesday,16
2024-03-19 19:26:32.677,40.0,6,2024-03,Tuesday,19
2024-03-20 11:41:16.403,28.9,4,2024-03,Wednesday,11
2024-03-20 12:21:07.728,40.0,7,2024-03,Wednesday,12
2024-03-20 12:30:48.968,28.9,4,2024-03,Wednesday,12
2024-03-20 13:16:47.394,38.7,2,2024-03,Wednesday,13
2024-03-20 16:42:38.117,38.7,3,2024-03,Wednesday,16
2024-03-20 17:50:28.781,38.7,7,2024-03,Wednesday,17
2024-03-21 10:18:56.977,40.0,2,2024-03,Thursday,10
2024-03-21 12:25:09.194,28.9,4,2024-03,Thursday,12
2024-03-21 12:26:17.428,38.7,2,2024-03,Thursday,12
2024-03-21 17:21:01.453,30.0,0,2024-03,Thursday,17
2024-03-21 17:22:01.353,28.9,4,2024-03,Thursday,17
2024-03-21 19:20:36.508,38.7,7,2024-03,Thursday,19
2024-03-22 10:35:53.619,33.8,1,2024-03,Friday,10
2024-03-22 13:29:20.343,33.8,1,2024-03,Friday,13
2024-03-22 16:15:14.448,40.0,2,2024-03,Friday,16
2024-03-22 17:17:03.724,28.9,0,2024-03,Friday,17
2024-03-22 17:17:58.991,24.0,5,2024-03,Friday,17
2024-03-22 17:20:49.490,28.9,0,2024-03,Friday,17
2024-03-23 10:43:59.559,38.7,7,2024-03,Saturday,10
2024-03-23 10:45:07.157,33.8,1,2024-03,Saturday,10
2024-03-23 13:10:07.661,38.7,2,2024-03,Saturday,13
2024-03-23 13:11:12.230,38.7,3,2024-03,Saturday,13
2024-03-23 14:44:41.276,33.8,1,2024-03,Saturday,14
2024-03-23 15:47:19.062,38.7,7,2024-03,Saturday,15
2024-03-23 15:49:33.813,33.8,1,2024-03,Saturday,15
2024-03-23 16:00:58.386,28.9,4,2024-03,Saturday,16
2024-03-24 10:03:56.005,40.0,7,2024-03,Sunday,10
2024-03-24 18:45:08.397,38.7,7,2024-03,Sunday,18
2024-03-25 10:31:47.250,38.7,7,2024-03,Monday,10
2024-03-25 11:16:25.671,35.0,1,2024-03,Monday,11
2024-03-25 14:27:09.163,38.7,7,2024-03,Monday,14
2024-03-25 14:29:25.343,38.7,7,2024-03,Monday,14
2024-03-25 18:37:30.650,33.8,1,2024-03,Monday,18
2024-03-25 19:34:24.542,38.7,2,2024-03,Monday,19
2024-03-26 10:35:49.679,38.7,3,2024-03,Tuesday,10
2024-03-26 10:36:36.151,38.7,7,2024-03,Tuesday,10
2024-03-26 10:42:30.170,38.7,7,2024-03,Tuesday,10
2024-03-26 11:11:47.335,28.9,4,2024-03,Tuesday,11
2024-03-26 13:35:52.773,28.9,0,2024-03,Tuesday,13
2024-03-26 13:36:49.644,28.9,4,2024-03,Tuesday,13
2024-03-26 13:37:59.723,28.9,4,2024-03,Tuesday,13
2024-03-26 13:57:53.677,28.9,0,2024-03,Tuesday,13
2024-03-26 15:48:02.270,38.7,7,2024-03,Tuesday,15
2024-03-26 18:33:38.568,38.7,7,2024-03,Tuesday,18
2024-03-26 18:34:54.648,38.7,6,2024-03,Tuesday,18
2024-03-27 11:04:51.174,28.9,4,2024-03,Wednesday,11
2024-03-27 11:05:58.236,33.8,1,2024-03,Wednesday,11
2024-03-27 12:57:00.462,33.8,1,2024-03,Wednesday,12
2024-03-27 13:35:20.039,38.7,6,2024-03,Wednesday,13
2024-03-27 14:22:31.662,38.7,2,2024-03,Wednesday,14
2024-03-27 14:23:35.380,28.9,0,2024-03,Wednesday,14
2024-03-27 18:30:11.833,28.9,4,2024-03,Wednesday,18
2024-03-27 19:31:12.442,40.0,7,2024-03,Wednesday,19
2024-03-28 14:24:47.092,28.9,4,2024-03,Thursday,14
2024-03-28 17:24:46.244,28.9,4,2024-03,Thursday,17
2024-03-28 17:27:05.304,28.9,0,2024-03,Thursday,17
2024-03-28 17:32:44.652,38.7,7,2024-03,Thursday,17
2024-03-29 10:56:19.495,38.7,7,2024-03,Friday,10
2024-03-29 12:34:17.383,38.7,2,2024-03,Friday,12
2024-03-29 12:41:32.125,38.7,2,2024-03,Friday,12
2024-03-29 13:22:44.618,40.0,2,2024-03,Friday,13
2024-03-30 11:59:19.854,38.7,7,2024-03,Saturday,11
2024-03-30 13:49:25.815,40.0,2,2024-03,Saturday,13
2024-03-30 16:12:31.786,38.7,7,2024-03,Saturday,16
2024-03-30 16:36:40.513,38.7,7,2024-03,Saturday,16
2024-03-30 16:37:57.553,33.8,1,2024-03,Saturday,16
2024-03-31 10:40:04.523,38.7,2,2024-03,Sunday,10
2024-03-31 19:36:45.000,30.0,0,2024-03,Sunday,19
2024-04-01 10:28:47.601,28.9,0,2024-04,Monday,10
2024-04-01 10:29:42.318,33.8,1,2024-04,Monday,10
2024-04-01 10:30:43.735,33.8,1,2024-04,Monday,10
2024-04-01 11:15:43.836,33.8,1,2024-04,Monday,11
2024-04-01 17:01:42.924,40.0,2,2024-04,Monday,17
2024-04-01 18:18:42.372,33.8,1,2024-04,Monday,18
2024-04-01 18:45:27.436,38.7,6,2024-04,Monday,18
2024-04-02 10:01:14.022,38.7,7,2024-04,Tuesday,10
2024-04-02 16:18:34.169,28.9,0,2024-04,Tuesday,16
2024-04-02 16:19:28.460,28.9,4,2024-04,Tuesday,16
2024-04-02 19:59:31.942,40.0,2,2024-04,Tuesday,19
2024-04-03 10:19:13.644,28.9,4,2024-04,Wednesday,10
2024-04-03 10:20:07.655,28.9,0,2024-04,Wednesday,10
2024-04-03 13:12:05.367,38.7,2,2024-04,Wednesday,13
2024-04-03 15:36:11.735,30.0,4,2024-04,Wednesday,15
2024-04-04 10:44:55.988,38.7,7,2024-04,Thursday,10
2024-04-04 11:26:38.085,38.7,7,2024-04,Thursday,11
2024-04-04 11:27:48.411,38.7,2,2024-04,Thursday,11
2024-04-04 12:23:02.216,28.9,4,2024-04,Thursday,12
2024-04-04 19:42:07.740,40.0,7,2024-04,Thursday,19
2024-04-05 10:40:42.728,28.9,0,2024-04,Friday,10
2024-04-05 10:42:06.204,28.9,0,2024-04,Friday,10
2024-04-05 11:06:14.643,28.9,4,2024-04,Friday,11
2024-04-05 12:14:27.975,33.8,1,2024-04,Friday,12
2024-04-05 14:23:40.387,38.7,7,2024-04,Friday,14
2024-04-05 14:24:50.417,28.9,4,2024-04,Friday,14
2024-04-05 15:30:50.383,40.0,7,2024-04,Friday,15
2024-04-05 15:54:15.768,40.0,2,2024-04,Friday,15
2024-04-05 15:55:30.947,30.0,0,2024-04,Friday,15
2024-04-05 16:17:43.975,40.0,3,2024-04,Friday,16
2024-04-05 16:18:23.558,24.0,5,2024-04,Friday,16
2024-04-06 12:32:31.398,33.8,1,2024-04,Saturday,12
2024-04-06 14:13:18.733,38.7,2,2024-04,Saturday,14
2024-04-06 14:14:27.029,28.9,0,2024-04,Saturday,14
2024-04-06 14:49:50.183,38.7,7,2024-04,Saturday,14
2024-04-07 10:12:53.204,38.7,7,2024-04,Sunday,10
2024-04-07 12:44:31.936,38.7,2,2024-04,Sunday,12
2024-04-07 12:46:05.118,38.7,2,2024-04,Sunday,12
2024-04-07 14:16:24.949,28.9,4,2024-04,Sunday,14
2024-04-07 14:17:30.628,24.0,5,2024-04,Sunday,14
2024-04-07 18:01:16.608,38.7,6,2024-04,Sunday,18
2024-04-07 18:02:03.878,33.8,1,2024-04,Sunday,18
2024-04-08 10:58:21.106,33.8,1,2024-04,Monday,10
2024-04-08 10:59:27.558,38.7,2,2024-04,Monday,10
2024-04-08 11:01:20.464,28.9,0,2024-04,Monday,11
2024-04-08 11:04:47.030,38.7,2,2024-04,Monday,11
2024-04-08 12:54:25.897,25.0,5,2024-04,Monday,12
2024-04-08 15:43:36.881,35.0,1,2024-04,Monday,15
2024-04-08 16:41:37.806,38.7,7,2024-04,Monday,16
2024-04-08 18:18:09.713,28.9,0,2024-04,Monday,18
2024-04-08 19:22:27.477,33.8,1,2024-04,Monday,19
2024-04-08 19:23:59.268,38.7,2,2024-04,Monday,19
2024-04-09 10:22:27.359,40.0,2,2024-04,Tuesday,10
2024-04-09 10:24:10.103,30.0,0,2024-04,Tuesday,10
2024-04-09 11:42:28.468,38.7,7,2024-04,Tuesday,11
2024-04-09 15:11:48.720,38.7,6,2024-04,Tuesday,15
2024-04-09 17:25:23.936,38.7,6,2024-04,Tuesday,17
2024-04-10 10:21:26.175,25.0,5,2024-04,Wednesday,10
2024-04-10 17:55:07.018,40.0,6,2024-04,Wednesday,17
2024-04-10 17:55:31.244,24.0,5,2024-04,Wednesday,17
2024-04-10 18:24:59.290,38.7,2,2024-04,Wednesday,18
2024-04-10 20:04:05.386,38.7,7,2024-04,Wednesday,20
2024-04-11 10:41:23.155,28.9,0,2024-04,Thursday,10
2024-04-11 10:42:59.365,28.9,0,2024-04,Thursday,10
2024-04-11 16:35:23.069,38.7,7,2024-04,Thursday,16
2024-04-11 19:16:56.588,38.7,2,2024-04,Thursday,19
2024-04-11 19:18:36.619,33.8,1,2024-04,Thursday,19
2024-04-12 19:03:43.403,38.7,6,2024-04,Friday,19
2024-04-12 19:38:23.189,28.9,4,2024-04,Friday,19
2024-04-13 12:29:19.823,38.7,7,2024-04,Saturday,12
2024-04-13 12:43:02.389,28.9,0,2024-04,Saturday,12
2024-04-13 15:06:52.292,40.0,6,2024-04,Saturday,15
2024-04-13 15:07:55.966,40.0,6,2024-04,Saturday,15
2024-04-13 16:18:03.938,38.7,2,2024-04,Saturday,16
2024-04-13 16:19:39.799,38.7,7,2024-04,Saturday,16
2024-04-13 17:51:26.026,38.7,2,2024-04,Saturday,17
2024-04-13 17:53:19.237,38.7,2,2024-04,Saturday,17
2024-04-14 10:55:27.406,40.0,7,2024-04,Sunday,10
2024-04-14 12:24:39.028,38.7,2,2024-04,Sunday,12
2024-04-14 12:27:08.951,30.0,4,2024-04,Sunday,12
2024-04-14 12:29:06.877,30.0,4,2024-04,Sunday,12
2024-04-14 12:31:36.036,35.0,1,2024-04,Sunday,12
2024-04-14 13:21:49.808,28.9,4,2024-04,Sunday,13
2024-04-14 14:23:31.631,28.9,0,2024-04,Sunday,14
2024-04-14 14:24:26.930,28.9,0,2024-04,Sunday,14
2024-04-14 14:25:18.122,28.9,0,2024-04,Sunday,14
2024-04-14 15:46:27.733,38.7,2,2024-04,Sunday,15
2024-04-14 16:59:54.823,28.9,4,2024-04,Sunday,16
2024-04-14 17:00:45.387,38.7,7,2024-04,Sunday,17
2024-04-14 18:38:19.649,38.7,2,2024-04,Sunday,18
2024-04-15 11:45:24.619,28.9,0,2024-04,Monday,11
2024-04-15 17:01:46.359,28.9,0,2024-04,Monday,17
2024-04-15 17:02:49.748,33.8,1,2024-04,Monday,17
2024-04-15 19:33:03.036,33.8,1,2024-04,Monday,19
2024-04-15 19:41:58.112,25.0,5,2024-04,Monday,19
2024-04-16 10:43:49.907,35.0,1,2024-04,Tuesday,10
2024-04-16 10:46:25.706,33.8,1,2024-04,Tuesday,10
2024-04-16 12:40:47.675,38.7,3,2024-04,Tuesday,12
2024-04-16 12:52:07.750,28.9,4,2024-04,Tuesday,12
2024-04-16 15:03:16.889,28.9,0,2024-04,Tuesday,15
2024-04-16 17:42:04.208,33.8,1,2024-04,Tuesday,17
2024-04-16 17:43:22.960,38.7,2,2024-04,Tuesday,17
2024-04-16 18:09:05.273,38.7,3,2024-04,Tuesday,18
2024-04-17 13:32:59.792,28.9,0,2024-04,Wednesday,13
2024-04-17 13:44:00.181,24.0,5,2024-04,Wednesday,13
2024-04-17 16:13:24.310,40.0,2,2024-04,Wednesday,16
2024-04-17 17:01:35.149,38.7,2,2024-04,Wednesday,17
2024-04-17 17:02:40.687,38.7,2,2024-04,Wednesday,17
2024-04-17 18:14:03.229,28.9,4,2024-04,Wednesday,18
2024-04-18 11:19:01.693,28.9,0,2024-04,Thursday,11
2024-04-18 11:20:05.696,28.9,0,2024-04,Thursday,11
2024-04-18 13:49:12.720,33.8,1,2024-04,Thursday,13
2024-04-18 13:50:17.285,28.9,4,2024-04,Thursday,13
2024-04-18 14:34:19.818,38.7,2,2024-04,Thursday,14
2024-04-18 14:35:49.354,38.7,7,2024-04,Thursday,14
2024-04-18 17:44:15.791,38.7,7,2024-04,Thursday,17
2024-04-18 18:21:05.945,38.7,2,2024-04,Thursday,18
2024-04-18 19:39:51.193,38.7,6,2024-04,Thursday,19
2024-04-18 19:40:48.954,38.7,6,2024-04,Thursday,19
2024-04-19 10:10:36.254,38.7,7,2024-04,Friday,10
2024-04-19 13:11:47.848,33.8,1,2024-04,Friday,13
2024-04-19 13:13:20.876,38.7,2,2024-04,Friday,13
2024-04-19 13:58:54.064,38.7,6,2024-04,Friday,13
2024-04-19 13:59:49.690,38.7,2,2024-04,Friday,13
2024-04-19 18:23:19.311,38.7,3,2024-04,Friday,18
2024-04-19 18:25:33.440,33.8,1,2024-04,Friday,18
2024-04-20 11:24:42.681,35.0,1,2024-04,Saturday,11
2024-04-20 12:08:35.701,33.8,1,2024-04,Saturday,12
2024-04-20 12:09:42.664,33.8,1,2024-04,Saturday,12
2024-04-20 13:08:37.378,28.9,0,2024-04,Saturday,13
2024-04-20 13:09:47.905,33.8,1,2024-04,Saturday,13
2024-04-20 13:10:55.151,38.7,6,2024-04,Saturday,13
2024-04-20 14:44:18.118,38.7,2,2024-04,Saturday,14
2024-04-20 15:11:00.330,33.8,1,2024-04,Saturday,15
2024-04-20 15:22:40.717,32.82,1,2024-04,Saturday,15
2024-04-20 15:49:25.148,32.82,1,2024-04,Saturday,15
2024-04-20 17:07:57.969,39.0,3,2024-04,Saturday,17
2024-04-20 18:27:41.496,37.72,2,2024-04,Saturday,18
2024-04-20 18:28:46.900,37.72,2,2024-04,Saturday,18
2024-04-20 19:30:55.317,37.72,7,2024-04,Saturday,19
2024-04-21 11:16:45.707,37.72,7,2024-04,Sunday,11
2024-04-21 14:15:37.541,27.92,0,2024-04,Sunday,14
2024-04-21 17:09:03.199,39.0,2,2024-04,Sunday,17
2024-04-22 11:09:16.412,27.92,0,2024-04,Monday,11
2024-04-22 11:29:27.099,32.82,1,2024-04,Monday,11
2024-04-22 18:40:33.024,39.0,7,2024-04,Monday,18
2024-04-22 19:39:04.759,37.72,7,2024-04,Monday,19
2024-04-22 20:02:29.165,39.0,2,2024-04,Monday,20
2024-04-23 14:22:35.995,37.72,2,2024-04,Tuesday,14
2024-04-23 14:23:53.144,32.82,1,2024-04,Tuesday,14
2024-04-23 14:24:57.515,37.72,2,2024-04,Tuesday,14
2024-04-23 19:42:27.765,32.82,1,2024-04,Tuesday,19
2024-04-23 19:43:26.234,32.82,1,2024-04,Tuesday,19
2024-04-24 10:19:38.346,37.72,7,2024-04,Wednesday,10
2024-04-24 10:21:27.287,32.82,1,2024-04,Wednesday,10
2024-04-24 11:23:46.102,32.82,1,2024-04,Wednesday,11
2024-04-24 11:33:26.347,32.82,1,2024-04,Wednesday,11
2024-04-24 12:39:09.298,32.82,1,2024-04,Wednesday,12
2024-04-24 16:39:07.423,32.82,1,2024-04,Wednesday,16
2024-04-24 19:39:49.983,32.82,1,2024-04,Wednesday,19
2024-04-24 19:40:54.031,37.72,2,2024-04,Wednesday,19
2024-04-25 10:46:08.057,27.92,0,2024-04,Thursday,10
2024-04-25 15:18:26.971,37.72,7,2024-04,Thursday,15
2024-04-25 17:09:43.534,27.92,0,2024-04,Thursday,17
2024-04-25 17:10:49.153,27.92,0,2024-04,Thursday,17
2024-04-26 10:12:50.618,37.72,7,2024-04,Friday,10
2024-04-26 12:01:30.580,37.72,7,2024-04,Friday,12
2024-04-26 13:31:28.297,37.72,2,2024-04,Friday,13
2024-04-26 15:32:35.390,27.92,0,2024-04,Friday,15
2024-04-26 15:33:33.132,27.92,0,2024-04,Friday,15
2024-04-26 16:23:26.514,27.92,4,2024-04,Friday,16
2024-04-26 16:24:33.800,27.92,0,2024-04,Friday,16
2024-04-26 19:32:07.112,37.72,6,2024-04,Friday,19
2024-04-26 19:33:30.220,37.72,3,2024-04,Friday,19
2024-04-27 15:27:00.680,37.72,2,2024-04,Saturday,15
2024-04-28 10:32:52.479,37.72,7,2024-04,Sunday,10
2024-04-28 12:30:09.749,37.72,2,2024-04,Sunday,12
2024-04-28 18:27:08.230,27.92,0,2024-04,Sunday,18
2024-04-28 18:28:11.411,27.92,0,2024-04,Sunday,18
2024-04-28 18:29:02.374,37.72,7,2024-04,Sunday,18
2024-04-29 11:26:31.871,27.92,4,2024-04,Monday,11
2024-04-29 13:27:56.949,27.92,0,2024-04,Monday,13
2024-04-29 13:28:53.899,27.92,4,2024-04,Monday,13
2024-04-29 13:53:35.730,27.92,4,2024-04,Monday,13
2024-04-29 13:54:24.357,32.82,1,2024-04,Monday,13
2024-04-29 18:37:48.406,37.72,2,2024-04,Monday,18
2024-04-29 19:12:33.194,37.72,2,2024-04,Monday,19
2024-04-29 19:13:37.878,37.72,2,2024-04,Monday,19
2024-04-30 10:16:41.493,37.72,7,2024-04,Tuesday,10
2024-04-30 10:34:52.250,32.82,1,2024-04,Tuesday,10
2024-04-30 10:35:47.617,32.82,1,2024-04,Tuesday,10
2024-04-30 13:41:52.325,27.92,0,2024-04,Tuesday,13
2024-04-30 13:42:59.977,32.82,1,2024-04,Tuesday,13
2024-04-30 19:19:18.139,37.72,2,2024-04,Tuesday,19
2024-04-30 19:30:04.003,32.82,1,2024-04,Tuesday,19
2024-04-30 19:31:20.952,37.72,7,2024-04,Tuesday,19
2024-05-02 10:33:55.746,27.92,0,2024-05,Thursday,10
2024-05-02 11:29:57.080,39.0,7,2024-05,Thursday,11
2024-05-02 13:49:39.898,32.82,1,2024-05,Thursday,13
2024-05-02 18:36:22.138,37.72,2,2024-05,Thursday,18
2024-05-02 18:41:11.220,32.82,1,2024-05,Thursday,18
2024-05-02 19:18:33.084,37.72,7,2024-05,Thursday,19
2024-05-02 19:19:56.359,37.72,2,2024-05,Thursday,19
2024-05-03 10:11:53.399,39.0,7,2024-05,Friday,10
2024-05-03 14:30:00.923,37.72,7,2024-05,Friday,14
2024-05-03 17:03:24.905,37.72,7,2024-05,Friday,17
2024-05-06 10:05:17.920,27.92,0,2024-05,Monday,10
2024-05-06 10:06:51.625,37.72,2,2024-05,Monday,10
2024-05-06 10:08:05.863,32.82,1,2024-05,Monday,10
2024-05-06 10:09:07.977,27.92,0,2024-05,Monday,10
2024-05-06 10:39:12.641,27.92,4,2024-05,Monday,10
2024-05-06 11:34:20.640,29.0,0,2024-05,Monday,11
2024-05-06 13:18:10.990,27.92,4,2024-05,Monday,13
2024-05-06 13:19:00.811,27.92,0,2024-05,Monday,13
2024-05-06 19:18:12.989,37.72,2,2024-05,Monday,19
2024-05-06 19:19:49.548,37.72,2,2024-05,Monday,19
2024-05-07 10:44:55.582,37.72,3,2024-05,Tuesday,10
2024-05-07 11:21:58.493,27.92,4,2024-05,Tuesday,11
2024-05-07 13:23:34.943,27.92,4,2024-05,Tuesday,13
2024-05-07 16:42:07.900,37.72,3,2024-05,Tuesday,16
2024-05-07 16:55:38.805,27.92,0,2024-05,Tuesday,16
2024-05-07 17:37:46.412,37.72,2,2024-05,Tuesday,17
2024-05-07 17:38:48.195,37.72,7,2024-05,Tuesday,17
2024-05-07 18:35:37.235,34.0,1,2024-05,Tuesday,18
2024-05-07 19:12:12.524,37.72,2,2024-05,Tuesday,19
2024-05-07 19:13:12.195,37.72,2,2024-05,Tuesday,19
2024-05-08 10:07:28.863,37.72,7,2024-05,Wednesday,10
2024-05-09 12:54:21.812,37.72,2,2024-05,Thursday,12
2024-05-09 13:03:58.556,27.92,0,2024-05,Thursday,13
2024-05-09 13:04:57.647,37.72,7,2024-05,Thursday,13
2024-05-09 13:06:11.261,37.72,7,2024-05,Thursday,13
2024-05-09 13:07:16.409,37.72,7,2024-05,Thursday,13
2024-05-09 16:55:14.601,27.92,0,2024-05,Thursday,16
2024-05-09 16:56:14.989,27.92,0,2024-05,Thursday,16
2024-05-09 18:01:29.895,27.92,0,2024-05,Thursday,18
2024-05-09 18:13:56.226,32.82,1,2024-05,Thursday,18
2024-05-10 10:09:21.972,39.0,7,2024-05,Friday,10
2024-05-10 15:46:21.511,37.72,7,2024-05,Friday,15
2024-05-10 15:47:32.508,37.72,7,2024-05,Friday,15
2024-05-10 16:20:15.084,34.0,1,2024-05,Friday,16
2024-05-11 11:39:52.878,37.72,7,2024-05,Saturday,11
2024-05-11 17:02:43.648,39.0,7,2024-05,Saturday,17
2024-05-11 17:20:30.398,32.82,1,2024-05,Saturday,17
2024-05-11 17:21:56.117,37.72,3,2024-05,Saturday,17
2024-05-11 17:23:57.301,37.72,2,2024-05,Saturday,17
2024-05-11 17:28:54.132,32.82,1,2024-05,Saturday,17
2024-05-11 18:35:40.257,37.72,2,2024-05,Saturday,18
2024-05-11 19:38:16.096,37.72,7,2024-05,Saturday,19
2024-05-12 10:20:42.512,37.72,7,2024-05,Sunday,10
2024-05-12 13:24:03.465,37.72,7,2024-05,Sunday,13
2024-05-12 13:27:39.043,27.92,0,2024-05,Sunday,13
2024-05-12 15:16:19.815,37.72,7,2024-05,Sunday,15
2024-05-12 15:38:02.422,32.82,1,2024-05,Sunday,15
2024-05-12 15:52:14.871,32.82,1,2024-05,Sunday,15
2024-05-12 16:04:21.133,32.82,1,2024-05,Sunday,16
2024-05-12 19:41:30.569,32.82,1,2024-05,Sunday,19
2024-05-13 11:03:53.348,32.82,1,2024-05,Monday,11
2024-05-13 15:31:10.763,29.0,0,2024-05,Monday,15
2024-05-13 15:31:50.907,29.0,0,2024-05,Monday,15
2024-05-14 08:38:14.581,27.92,0,2024-05,Tuesday,8
2024-05-14 08:39:25.455,27.92,0,2024-05,Tuesday,8
2024-05-14 08:40:17.484,27.92,0,2024-05,Tuesday,8
2024-05-14 10:19:23.174,37.72,2,2024-05,Tuesday,10
2024-05-14 11:32:29.372,37.72,7,2024-05,Tuesday,11
2024-05-14 11:34:12.851,37.72,2,2024-05,Tuesday,11
2024-05-14 14:04:54.580,37.72,2,2024-05,Tuesday,14
2024-05-14 14:06:00.378,32.82,1,2024-05,Tuesday,14
2024-05-14 15:01:54.785,27.92,0,2024-05,Tuesday,15
2024-05-14 16:57:57.224,32.82,1,2024-05,Tuesday,16
2024-05-14 16:59:10.194,37.72,2,2024-05,Tuesday,16
2024-05-14 22:51:25.227,37.72,6,2024-05,Tuesday,22
2024-05-15 08:40:05.661,37.72,7,2024-05,Wednesday,8
2024-05-15 11:14:19.353,23.02,5,2024-05,Wednesday,11
2024-05-15 11:19:10.049,27.92,0,2024-05,Wednesday,11
2024-05-15 13:34:35.102,27.92,0,2024-05,Wednesday,13
2024-05-15 13:35:29.171,27.92,0,2024-05,Wednesday,13
2024-05-15 13:36:27.339,27.92,0,2024-05,Wednesday,13
2024-05-15 13:55:28.999,32.82,1,2024-05,Wednesday,13
2024-05-15 14:38:10.847,29.0,0,2024-05,Wednesday,14
2024-05-15 14:38:52.347,27.92,4,2024-05,Wednesday,14
2024-05-15 14:39:44.367,27.92,4,2024-05,Wednesday,14
2024-05-15 17:28:58.620,23.02,5,2024-05,Wednesday,17
2024-05-15 20:20:34.769,37.72,2,2024-05,Wednesday,20
2024-05-16 10:38:42.458,32.82,1,2024-05,Thursday,10
2024-05-16 10:39:49.431,32.82,1,2024-05,Thursday,10
2024-05-16 11:42:50.285,39.0,7,2024-05,Thursday,11
2024-05-16 11:44:20.811,39.0,2,2024-05,Thursday,11
2024-05-16 12:14:00.097,32.82,1,2024-05,Thursday,12
2024-05-16 15:15:16.315,37.72,6,2024-05,Thursday,15
2024-05-16 17:44:31.548,37.72,7,2024-05,Thursday,17
2024-05-16 18:12:56.934,37.72,6,2024-05,Thursday,18
2024-05-16 18:13:58.191,37.72,7,2024-05,Thursday,18
2024-05-17 09:00:48.456,27.92,0,2024-05,Friday,9
2024-05-17 11:30:27.553,32.82,1,2024-05,Friday,11
2024-05-17 14:58:03.060,34.0,1,2024-05,Friday,14
2024-05-17 19:55:18.534,32.82,1,2024-05,Friday,19
2024-05-17 19:56:46.751,37.72,2,2024-05,Friday,19
2024-05-17 20:37:52.930,37.72,2,2024-05,Friday,20
2024-05-17 22:34:50.797,27.92,0,2024-05,Friday,22
2024-05-17 22:36:33.357,37.72,7,2024-05,Friday,22
2024-05-17 22:37:42.821,37.72,7,2024-05,Friday,22
2024-05-18 08:01:37.898,37.72,2,2024-05,Saturday,8
2024-05-18 08:02:39.959,37.72,2,2024-05,Saturday,8
2024-05-18 11:15:56.089,32.82,1,2024-05,Saturday,11
2024-05-18 16:48:29.374,32.82,1,2024-05,Saturday,16
2024-05-18 16:49:27.131,32.82,1,2024-05,Saturday,16
2024-05-18 19:58:44.210,32.82,1,2024-05,Saturday,19
2024-05-18 20:22:53.111,37.72,7,2024-05,Saturday,20
2024-05-18 22:05:27.473,39.0,2,2024-05,Saturday,22
2024-05-19 07:58:38.312,27.92,0,2024-05,Sunday,7
2024-05-19 07:59:33.549,27.92,0,2024-05,Sunday,7
2024-05-19 08:00:35.061,37.72,2,2024-05,Sunday,8
2024-05-19 09:28:49.723,24.0,5,2024-05,Sunday,9
2024-05-19 12:14:26.676,32.82,1,2024-05,Sunday,12
2024-05-19 14:43:40.049,27.92,0,2024-05,Sunday,14
2024-05-19 15:58:58.192,32.82,1,2024-05,Sunday,15
2024-05-19 18:12:36.304,32.82,1,2024-05,Sunday,18
2024-05-19 18:13:47.762,23.02,5,2024-05,Sunday,18
2024-05-19 18:16:30.022,37.72,6,2024-05,Sunday,18
2024-05-19 19:51:06.979,37.72,2,2024-05,Sunday,19
2024-05-19 21:15:41.761,37.72,2,2024-05,Sunday,21
2024-05-19 21:18:36.101,37.72,2,2024-05,Sunday,21
2024-05-20 10:05:59.163,32.82,1,2024-05,Monday,10
2024-05-20 10:17:51.867,37.72,7,2024-05,Monday,10
2024-05-20 10:58:48.379,37.72,7,2024-05,Monday,10
2024-05-20 11:15:16.363,27.92,0,2024-05,Monday,11
2024-05-20 11:16:19.637,27.92,0,2024-05,Monday,11
2024-05-20 13:27:13.420,27.92,0,2024-05,Monday,13
2024-05-20 13:28:10.440,27.92,0,2024-05,Monday,13
2024-05-20 14:13:19.017,32.82,1,2024-05,Monday,14
2024-05-20 14:14:31.354,37.72,2,2024-05,Monday,14
2024-05-20 14:32:21.252,29.0,0,2024-05,Monday,14
2024-05-20 17:12:51.121,37.72,7,2024-05,Monday,17
2024-05-20 17:13:56.897,37.72,7,2024-05,Monday,17
2024-05-20 20:36:48.320,32.82,1,2024-05,Monday,20
2024-05-20 20:37:57.316,37.72,3,2024-05,Monday,20
2024-05-20 20:46:52.085,27.92,4,2024-05,Monday,20
2024-05-20 21:36:53.986,32.82,1,2024-05,Monday,21
2024-05-20 21:37:57.777,32.82,1,2024-05,Monday,21
2024-05-21 08:27:38.230,37.72,7,2024-05,Tuesday,8
2024-05-21 09:43:50.690,29.0,0,2024-05,Tuesday,9
2024-05-21 09:44:40.309,34.0,1,2024-05,Tuesday,9
2024-05-21 09:46:09.430,39.0,3,2024-05,Tuesday,9
2024-05-21 10:05:08.033,39.0,7,2024-05,Tuesday,10
2024-05-21 16:10:19.956,37.72,7,2024-05,Tuesday,16
2024-05-21 18:13:23.998,23.02,5,2024-05,Tuesday,18
2024-05-21 19:11:09.212,37.72,2,2024-05,Tuesday,19
2024-05-21 20:13:48.358,37.72,2,2024-05,Tuesday,20
2024-05-22 09:34:41.818,37.72,2,2024-05,Wednesday,9
2024-05-22 10:49:47.044,32.82,1,2024-05,Wednesday,10
2024-05-22 11:18:14.265,27.92,4,2024-05,Wednesday,11
2024-05-22 11:34:54.968,32.82,1,2024-05,Wednesday,11
2024-05-22 12:29:50.841,27.92,0,2024-05,Wednesday,12
2024-05-22 12:30:43.347,27.92,0,2024-05,Wednesday,12
2024-05-22 14:00:20.499,32.82,1,2024-05,Wednesday,14
2024-05-22 19:24:58.098,37.72,2,2024-05,Wednesday,19
2024-05-22 19:25:58.574,37.72,2,2024-05,Wednesday,19
2024-05-22 21:23:53.000,37.72,6,2024-05,Wednesday,21
2024-05-22 21:24:49.584,37.72,2,2024-05,Wednesday,21
2024-05-23 10:10:19.640,37.72,2,2024-05,Thursday,10
2024-05-23 12:22:06.605,23.02,5,2024-05,Thursday,12
2024-05-23 15:55:16.628,37.72,2,2024-05,Thursday,15
2024-05-23 15:56:27.237,37.72,2,2024-05,Thursday,15
2024-05-23 16:18:14.053,37.72,2,2024-05,Thursday,16
2024-05-23 16:41:00.043,37.72,7,2024-05,Thursday,16
2024-05-23 17:14:33.237,37.72,2,2024-05,Thursday,17
2024-05-23 17:15:44.861,37.72,7,2024-05,Thursday,17
2024-05-23 19:03:53.856,27.92,4,2024-05,Thursday,19
2024-05-23 19:17:28.431,37.72,2,2024-05,Thursday,19
2024-05-23 19:18:26.418,37.72,2,2024-05,Thursday,19
2024-05-23 19:42:31.546,37.72,2,2024-05,Thursday,19
2024-05-23 20:15:01.429,37.72,2,2024-05,Thursday,20
2024-05-23 20:16:24.205,37.72,7,2024-05,Thursday,20
2024-05-23 22:48:10.813,32.82,1,2024-05,Thursday,22
2024-05-23 22:55:36.926,39.0,6,2024-05,Thursday,22
2024-05-24 11:11:59.182,27.92,4,2024-05,Friday,11
2024-05-24 11:15:08.341,27.92,0,2024-05,Friday,11
2024-05-24 11:16:13.016,27.92,0,2024-05,Friday,11
2024-05-24 16:07:19.816,37.72,6,2024-05,Friday,16
2024-05-24 18:17:40.330,27.92,4,2024-05,Friday,18
2024-05-24 18:18:36.698,27.92,4,2024-05,Friday,18
2024-05-24 22:30:40.198,32.82,1,2024-05,Friday,22
2024-05-25 07:40:58.818,29.0,0,2024-05,Saturday,7
2024-05-25 12:13:53.388,37.72,7,2024-05,Saturday,12
2024-05-25 12:40:23.587,29.0,0,2024-05,Saturday,12
2024-05-25 12:42:10.258,32.82,1,2024-05,Saturday,12
2024-05-25 12:43:13.275,32.82,1,2024-05,Saturday,12
2024-05-25 12:58:12.049,32.82,1,2024-05,Saturday,12
2024-05-25 16:47:09.557,32.82,1,2024-05,Saturday,16
2024-05-25 16:48:16.834,27.92,0,2024-05,Saturday,16
2024-05-26 10:20:02.233,37.72,7,2024-05,Sunday,10
2024-05-26 14:24:49.812,32.82,1,2024-05,Sunday,14
2024-05-26 14:26:05.248,27.92,4,2024-05,Sunday,14
2024-05-26 14:40:58.882,32.82,1,2024-05,Sunday,14
2024-05-26 17:19:15.521,37.72,2,2024-05,Sunday,17
2024-05-26 18:09:52.843,37.72,6,2024-05,Sunday,18
2024-05-26 18:11:02.204,37.72,6,2024-05,Sunday,18
2024-05-26 18:13:14.299,27.92,0,2024-05,Sunday,18
2024-05-26 18:39:18.794,37.72,7,2024-05,Sunday,18
2024-05-26 20:59:14.954,37.72,6,2024-05,Sunday,20
2024-05-26 21:00:05.568,37.72,2,2024-05,Sunday,21
2024-05-26 21:02:36.935,27.92,4,2024-05,Sunday,21
2024-05-26 21:03:51.772,37.72,2,2024-05,Sunday,21
2024-05-26 21:04:58.824,37.72,7,2024-05,Sunday,21
2024-05-26 21:06:02.621,37.72,2,2024-05,Sunday,21
2024-05-27 11:34:55.252,27.92,0,2024-05,Monday,11
2024-05-27 14:05:21.688,32.82,1,2024-05,Monday,14
2024-05-27 14:06:43.564,37.72,3,2024-05,Monday,14
2024-05-27 15:11:34.061,27.92,0,2024-05,Monday,15
2024-05-27 15:14:05.788,27.92,0,2024-05,Monday,15
2024-05-27 17:50:55.763,37.72,7,2024-05,Monday,17
2024-05-27 18:00:50.983,27.92,0,2024-05,Monday,18
2024-05-27 19:16:27.404,37.72,7,2024-05,Monday,19
2024-05-27 19:17:38.729,37.72,7,2024-05,Monday,19
2024-05-27 21:29:07.085,32.82,1,2024-05,Monday,21
2024-05-27 21:30:19.772,37.72,2,2024-05,Monday,21
2024-05-28 08:37:09.028,32.82,1,2024-05,Tuesday,8
2024-05-28 09:20:10.736,32.82,1,2024-05,Tuesday,9
2024-05-28 11:48:18.494,37.72,2,2024-05,Tuesday,11
2024-05-28 13:14:40.435,37.72,2,2024-05,Tuesday,13
2024-05-28 14:10:53.691,37.72,3,2024-05,Tuesday,14
2024-05-28 16:25:39.330,27.92,4,2024-05,Tuesday,16
2024-05-28 17:21:43.967,39.0,2,2024-05,Tuesday,17
2024-05-28 19:09:29.069,27.92,0,2024-05,Tuesday,19
2024-05-28 19:10:31.070,37.72,7,2024-05,Tuesday,19
2024-05-28 20:24:32.205,32.82,1,2024-05,Tuesday,20
2024-05-28 20:50:19.449,27.92,0,2024-05,Tuesday,20
2024-05-29 09:14:43.704,37.72,7,2024-05,Wednesday,9
2024-05-29 10:48:46.781,39.0,7,2024-05,Wednesday,10
2024-05-29 11:14:02.855,37.72,6,2024-05,Wednesday,11
2024-05-29 15:10:48.545,27.92,0,2024-05,Wednesday,15
2024-05-29 15:22:56.321,37.72,7,2024-05,Wednesday,15
2024-05-29 15:45:12.738,37.72,2,2024-05,Wednesday,15
2024-05-29 16:45:03.950,37.72,7,2024-05,Wednesday,16
2024-05-29 18:24:03.334,27.92,4,2024-05,Wednesday,18
2024-05-29 18:24:59.311,37.72,7,2024-05,Wednesday,18
2024-05-29 20:30:42.240,37.72,6,2024-05,Wednesday,20
2024-05-29 20:32:35.200,37.72,3,2024-05,Wednesday,20
2024-05-30 08:29:06.277,37.72,2,2024-05,Thursday,8
2024-05-30 08:30:21.586,37.72,7,2024-05,Thursday,8
2024-05-30 08:37:05.382,32.82,1,2024-05,Thursday,8
2024-05-30 09:47:59.092,37.72,7,2024-05,Thursday,9
2024-05-30 14:56:15.473,32.82,1,2024-05,Thursday,14
2024-05-30 15:16:15.665,23.02,5,2024-05,Thursday,15
2024-05-30 15:17:38.656,23.02,5,2024-05,Thursday,15
2024-05-30 19:53:11.189,37.72,2,2024-05,Thursday,19
2024-05-30 20:31:05.430,37.72,7,2024-05,Thursday,20
2024-05-30 20:46:13.835,37.72,6,2024-05,Thursday,20
2024-05-30 20:47:21.586,32.82,1,2024-05,Thursday,20
2024-05-31 07:53:57.274,32.82,1,2024-05,Friday,7
2024-05-31 09:21:07.821,37.72,7,2024-05,Friday,9
2024-05-31 09:23:58.791,39.0,7,2024-05,Friday,9
2024-05-31 10:38:07.861,37.72,6,2024-05,Friday,10
2024-05-31 10:39:06.136,37.72,3,2024-05,Friday,10
2024-05-31 14:50:12.976,32.82,1,2024-05,Friday,14
2024-05-31 18:23:44.636,37.72,7,2024-05,Friday,18
2024-05-31 18:25:03.271,37.72,7,2024-05,Friday,18
2024-05-31 20:06:39.166,37.72,2,2024-05,Friday,20
2024-05-31 20:33:06.403,32.82,1,2024-05,Friday,20
2024-05-31 20:34:32.903,37.72,7,2024-05,Friday,20
2024-05-31 22:05:47.070,37.72,2,2024-05,Friday,22
2024-05-31 22:06:52.490,32.82,1,2024-05,Friday,22
2024-05-31 22:07:55.368,27.92,4,2024-05,Friday,22
2024-06-01 08:27:01.745,27.92,4,2024-06,Saturday,8
2024-06-01 09:48:24.750,37.72,7,2024-06,Saturday,9
2024-06-01 11:38:09.371,37.72,7,2024-06,Saturday,11
2024-06-01 14:28:53.739,32.82,1,2024-06,Saturday,14
2024-06-01 18:20:12.780,32.82,1,2024-06,Saturday,18
2024-06-01 18:21:15.363,32.82,1,2024-06,Saturday,18
2024-06-01 20:50:10.488,37.72,2,2024-06,Saturday,20
2024-06-01 20:51:13.565,37.72,2,2024-06,Saturday,20
2024-06-01 20:54:59.267,39.0,3,2024-06,Saturday,20
2024-06-01 20:59:09.689,37.72,3,2024-06,Saturday,20
2024-06-01 21:51:04.971,32.82,1,2024-06,Saturday,21
2024-06-02 20:03:25.799,37.72,7,2024-06,Sunday,20
2024-06-02 20:24:02.449,32.82,1,2024-06,Sunday,20
2024-06-02 20:25:07.238,37.72,2,2024-06,Sunday,20
2024-06-02 21:07:20.531,32.82,1,2024-06,Sunday,21
2024-06-02 21:30:12.430,37.72,7,2024-06,Sunday,21
2024-06-02 22:43:10.636,34.0,1,2024-06,Sunday,22
2024-06-03 10:12:04.141,37.72,7,2024-06,Monday,10
2024-06-03 10:27:49.797,37.72,7,2024-06,Monday,10
2024-06-03 14:31:42.338,37.72,2,2024-06,Monday,14
2024-06-03 14:33:00.952,32.82,1,2024-06,Monday,14
2024-06-03 14:34:06.922,37.72,7,2024-06,Monday,14
2024-06-03 21:42:51.734,34.0,1,2024-06,Monday,21
2024-06-03 21:43:37.471,34.0,1,2024-06,Monday,21
2024-06-04 09:23:42.898,27.92,4,2024-06,Tuesday,9
2024-06-04 10:27:13.975,32.82,1,2024-06,Tuesday,10
2024-06-04 12:02:10.213,37.72,7,2024-06,Tuesday,12
2024-06-04 12:05:29.186,37.72,6,2024-06,Tuesday,12
2024-06-04 15:30:32.455,37.72,7,2024-06,Tuesday,15
2024-06-04 17:46:36.661,27.92,4,2024-06,Tuesday,17
2024-06-04 17:47:28.847,37.72,2,2024-06,Tuesday,17
2024-06-04 20:13:01.204,37.72,6,2024-06,Tuesday,20
2024-06-04 20:50:33.896,37.72,2,2024-06,Tuesday,20
2024-06-04 21:31:58.908,27.92,4,2024-06,Tuesday,21
2024-06-04 21:33:02.621,32.82,1,2024-06,Tuesday,21
2024-06-04 21:34:55.667,32.82,1,2024-06,Tuesday,21
2024-06-04 21:36:06.924,32.82,1,2024-06,Tuesday,21
2024-06-04 21:37:15.164,32.82,1,2024-06,Tuesday,21
2024-06-05 08:21:48.964,37.72,2,2024-06,Wednesday,8
2024-06-05 08:23:06.723,37.72,2,2024-06,Wednesday,8
2024-06-05 09:22:43.108,27.92,0,2024-06,Wednesday,9
2024-06-05 10:28:50.620,37.72,7,2024-06,Wednesday,10
2024-06-05 10:40:53.188,32.82,1,2024-06,Wednesday,10
2024-06-05 19:43:57.675,32.82,1,2024-06,Wednesday,19
2024-06-05 19:59:53.527,37.72,7,2024-06,Wednesday,19
2024-06-05 20:10:47.623,37.72,3,2024-06,Wednesday,20
2024-06-05 20:12:01.658,27.92,4,2024-06,Wednesday,20
2024-06-06 08:52:56.351,32.82,1,2024-06,Thursday,8
2024-06-06 08:54:08.455,32.82,1,2024-06,Thursday,8
2024-06-06 10:36:09.667,37.72,7,2024-06,Thursday,10
2024-06-06 12:17:41.474,27.92,0,2024-06,Thursday,12
2024-06-06 15:11:14.185,32.82,1,2024-06,Thursday,15
2024-06-06 15:24:06.221,37.72,2,2024-06,Thursday,15
2024-06-06 21:14:05.102,37.72,7,2024-06,Thursday,21
2024-06-06 21:15:42.227,37.72,7,2024-06,Thursday,21
2024-06-06 21:18:26.713,37.72,2,2024-06,Thursday,21
2024-06-06 21:19:30.436,32.82,1,2024-06,Thursday,21
2024-06-06 21:21:04.440,37.72,7,2024-06,Thursday,21
2024-06-07 08:18:04.296,37.72,2,2024-06,Friday,8
2024-06-07 10:35:28.104,23.02,5,2024-06,Friday,10
2024-06-07 13:34:18.297,32.82,1,2024-06,Friday,13
2024-06-07 16:45:42.218,27.92,4,2024-06,Friday,16
2024-06-07 16:47:15.481,27.92,4,2024-06,Friday,16
2024-06-08 09:04:20.016,27.92,4,2024-06,Saturday,9
2024-06-08 09:26:11.160,32.82,1,2024-06,Saturday,9
2024-06-08 20:24:54.320,37.72,2,2024-06,Saturday,20
2024-06-08 20:25:56.316,37.72,2,2024-06,Saturday,20
2024-06-09 08:15:52.760,37.72,7,2024-06,Sunday,8
2024-06-09 10:30:04.461,37.72,7,2024-06,Sunday,10
2024-06-09 10:52:05.797,37.72,2,2024-06,Sunday,10
2024-06-09 11:04:41.306,27.92,4,2024-06,Sunday,11
2024-06-09 11:07:08.108,23.02,5,2024-06,Sunday,11
2024-06-09 11:52:49.616,37.72,2,2024-06,Sunday,11
2024-06-09 12:11:23.640,32.82,1,2024-06,Sunday,12
2024-06-09 12:13:08.067,37.72,7,2024-06,Sunday,12
2024-06-09 12:14:10.783,37.72,7,2024-06,Sunday,12
2024-06-09 15:10:30.692,27.92,4,2024-06,Sunday,15
2024-06-09 16:17:28.189,37.72,2,2024-06,Sunday,16
2024-06-09 19:21:19.277,32.82,1,2024-06,Sunday,19
2024-06-09 21:05:08.844,27.92,0,2024-06,Sunday,21
2024-06-10 12:47:49.861,37.72,2,2024-06,Monday,12
2024-06-10 12:56:48.268,37.72,7,2024-06,Monday,12
2024-06-10 19:04:28.106,37.72,6,2024-06,Monday,19
2024-06-10 19:05:22.770,37.72,6,2024-06,Monday,19
2024-06-10 19:37:23.602,37.72,7,2024-06,Monday,19
2024-06-10 19:38:19.678,37.72,7,2024-06,Monday,19
2024-06-11 10:38:03.953,32.82,1,2024-06,Tuesday,10
2024-06-11 18:48:25.292,37.72,7,2024-06,Tuesday,18
2024-06-11 18:49:36.428,37.72,7,2024-06,Tuesday,18
2024-06-11 21:17:03.344,37.72,6,2024-06,Tuesday,21
2024-06-11 21:27:41.900,32.82,1,2024-06,Tuesday,21
2024-06-11 21:28:50.220,32.82,1,2024-06,Tuesday,21
2024-06-12 10:18:18.786,37.72,6,2024-06,Wednesday,10
2024-06-12 11:51:43.858,37.72,2,2024-06,Wednesday,11
2024-06-12 17:41:17.179,37.72,7,2024-06,Wednesday,17
2024-06-12 17:47:27.878,37.72,7,2024-06,Wednesday,17
2024-06-12 20:16:33.648,37.72,6,2024-06,Wednesday,20
2024-06-12 20:25:34.239,32.82,1,2024-06,Wednesday,20
2024-06-13 08:54:24.207,27.92,0,2024-06,Thursday,8
2024-06-13 08:57:25.592,37.72,7,2024-06,Thursday,8
2024-06-13 09:50:25.038,32.82,1,2024-06,Thursday,9
2024-06-13 09:57:11.518,27.92,4,2024-06,Thursday,9
2024-06-13 17:04:58.601,32.82,1,2024-06,Thursday,17
2024-06-13 17:27:46.626,37.72,6,2024-06,Thursday,17
2024-06-13 19:22:19.083,37.72,7,2024-06,Thursday,19
2024-06-13 20:20:51.762,32.82,1,2024-06,Thursday,20
2024-06-13 20:43:45.991,23.02,5,2024-06,Thursday,20
2024-06-13 20:45:00.615,23.02,5,2024-06,Thursday,20
2024-06-13 20:48:17.902,32.82,1,2024-06,Thursday,20
2024-06-13 21:02:28.377,32.82,1,2024-06,Thursday,21
2024-06-14 07:46:13.238,27.92,4,2024-06,Friday,7
2024-06-14 10:30:31.584,27.92,0,2024-06,Friday,10
2024-06-14 12:14:41.696,37.72,7,2024-06,Friday,12
2024-06-14 18:29:53.399,32.82,1,2024-06,Friday,18
2024-06-15 11:26:01.974,37.72,2,2024-06,Saturday,11
2024-06-15 12:21:28.135,37.72,7,2024-06,Saturday,12
2024-06-15 12:22:46.942,32.82,1,2024-06,Saturday,12
2024-06-15 12:23:52.166,23.02,5,2024-06,Saturday,12
2024-06-15 12:24:35.130,37.72,3,2024-06,Saturday,12
2024-06-15 12:25:23.960,32.82,1,2024-06,Saturday,12
2024-06-15 16:03:29.909,32.82,1,2024-06,Saturday,16
2024-06-15 18:14:04.623,27.92,0,2024-06,Saturday,18
2024-06-16 10:43:51.456,32.82,1,2024-06,Sunday,10
2024-06-16 10:58:41.366,37.72,7,2024-06,Sunday,10
2024-06-16 11:00:38.191,37.72,6,2024-06,Sunday,11
2024-06-16 11:01:41.488,37.72,6,2024-06,Sunday,11
2024-06-16 12:49:27.624,32.82,1,2024-06,Sunday,12
2024-06-16 14:00:38.992,23.02,5,2024-06,Sunday,14
2024-06-16 15:02:36.332,32.82,1,2024-06,Sunday,15
2024-06-16 15:05:10.421,32.82,1,2024-06,Sunday,15
2024-06-16 15:43:59.593,37.72,6,2024-06,Sunday,15
2024-06-16 16:47:36.521,37.72,6,2024-06,Sunday,16
2024-06-16 17:45:17.267,32.82,1,2024-06,Sunday,17
2024-06-16 17:46:16.554,32.82,1,2024-06,Sunday,17
2024-06-17 08:57:24.044,27.92,0,2024-06,Monday,8
2024-06-17 10:12:05.139,27.92,4,2024-06,Monday,10
2024-06-17 10:13:37.575,27.92,4,2024-06,Monday,10
2024-06-17 10:55:51.608,37.72,2,2024-06,Monday,10
2024-06-17 14:51:35.381,37.72,2,2024-06,Monday,14
2024-06-17 16:50:13.441,37.72,2,2024-06,Monday,16
2024-06-17 16:51:11.038,37.72,2,2024-06,Monday,16
2024-06-17 16:52:36.336,27.92,0,2024-06,Monday,16
2024-06-17 18:51:19.631,27.92,0,2024-06,Monday,18
2024-06-17 21:16:11.485,32.82,1,2024-06,Monday,21
2024-06-18 14:04:06.125,27.92,0,2024-06,Tuesday,14
2024-06-18 14:05:12.313,37.72,2,2024-06,Tuesday,14
2024-06-18 19:20:40.571,37.72,2,2024-06,Tuesday,19
2024-06-18 19:21:38.892,37.72,2,2024-06,Tuesday,19
2024-06-18 20:35:49.497,27.92,4,2024-06,Tuesday,20
2024-06-18 21:20:49.526,32.82,1,2024-06,Tuesday,21
2024-06-18 21:22:18.518,32.82,1,2024-06,Tuesday,21
2024-06-19 07:47:19.833,37.72,7,2024-06,Wednesday,7
2024-06-19 08:17:54.508,27.92,4,2024-06,Wednesday,8
2024-06-19 10:54:00.492,27.92,0,2024-06,Wednesday,10
2024-06-19 11:11:27.807,37.72,7,2024-06,Wednesday,11
2024-06-19 11:12:31.412,37.72,3,2024-06,Wednesday,11
2024-06-19 14:21:36.258,32.82,1,2024-06,Wednesday,14
2024-06-19 18:28:43.437,37.72,2,2024-06,Wednesday,18
2024-06-19 18:29:58.961,37.72,7,2024-06,Wednesday,18
2024-06-19 19:31:31.293,32.82,1,2024-06,Wednesday,19
2024-06-19 21:28:59.485,37.72,2,2024-06,Wednesday,21
2024-06-19 21:30:03.484,32.82,1,2024-06,Wednesday,21
2024-06-20 10:50:06.453,37.72,7,2024-06,Thursday,10
2024-06-20 18:59:02.082,37.72,7,2024-06,Thursday,18
2024-06-20 19:00:00.237,37.72,7,2024-06,Thursday,19
2024-06-20 21:39:10.013,37.72,7,2024-06,Thursday,21
2024-06-20 21:57:40.554,37.72,7,2024-06,Thursday,21
2024-06-20 21:59:17.598,32.82,1,2024-06,Thursday,21
2024-06-21 09:59:55.930,37.72,7,2024-06,Friday,9
2024-06-21 10:01:40.183,27.92,0,2024-06,Friday,10
2024-06-21 13:19:19.416,32.82,1,2024-06,Friday,13
2024-06-21 13:20:31.513,32.82,1,2024-06,Friday,13
2024-06-21 18:12:16.064,23.02,5,2024-06,Friday,18
2024-06-21 19:30:26.651,37.72,7,2024-06,Friday,19
2024-06-21 19:47:06.201,37.72,2,2024-06,Friday,19
2024-06-21 19:48:06.713,37.72,2,2024-06,Friday,19
2024-06-21 19:49:54.505,37.72,2,2024-06,Friday,19
2024-06-21 19:51:00.211,37.72,2,2024-06,Friday,19
2024-06-21 19:52:18.775,27.92,0,2024-06,Friday,19
2024-06-21 19:55:37.142,32.82,1,2024-06,Friday,19
2024-06-22 08:39:50.273,27.92,4,2024-06,Saturday,8
2024-06-22 09:37:48.779,32.82,1,2024-06,Saturday,9
2024-06-22 12:53:15.541,32.82,1,2024-06,Saturday,12
2024-06-22 15:37:20.137,37.72,7,2024-06,Saturday,15
2024-06-22 22:10:22.998,37.72,2,2024-06,Saturday,22
2024-06-23 18:12:01.406,32.82,1,2024-06,Sunday,18
2024-06-23 18:13:50.638,32.82,1,2024-06,Sunday,18
2024-06-23 21:06:46.956,37.72,2,2024-06,Sunday,21
2024-06-23 21:29:07.823,37.72,7,2024-06,Sunday,21
2024-06-23 21:30:36.375,37.72,2,2024-06,Sunday,21
2024-06-24 11:44:39.939,32.82,1,2024-06,Monday,11
2024-06-24 11:49:36.044,37.72,2,2024-06,Monday,11
2024-06-24 11:50:44.080,37.72,2,2024-06,Monday,11
2024-06-24 15:02:28.995,37.72,7,2024-06,Monday,15
2024-06-24 16:46:00.573,37.72,2,2024-06,Monday,16
2024-06-24 16:47:00.409,37.72,2,2024-06,Monday,16
2024-06-25 08:19:24.244,37.72,7,2024-06,Tuesday,8
2024-06-25 10:28:26.408,32.82,1,2024-06,Tuesday,10
2024-06-25 10:29:42.410,32.82,1,2024-06,Tuesday,10
2024-06-25 11:34:52.296,37.72,2,2024-06,Tuesday,11
2024-06-26 09:33:01.706,37.72,7,2024-06,Wednesday,9
2024-06-26 16:32:29.453,23.02,5,2024-06,Wednesday,16
2024-06-26 16:34:01.607,27.92,0,2024-06,Wednesday,16
2024-06-26 21:21:53.296,37.72,7,2024-06,Wednesday,21
2024-06-26 21:27:00.807,37.72,2,2024-06,Wednesday,21
2024-06-26 21:28:14.566,32.82,1,2024-06,Wednesday,21
2024-06-27 09:15:43.173,32.82,1,2024-06,Thursday,9
2024-06-27 16:11:48.000,27.92,4,2024-06,Thursday,16
2024-06-27 21:44:03.372,32.82,1,2024-06,Thursday,21
2024-06-27 21:50:31.617,37.72,2,2024-06,Thursday,21
2024-06-28 08:08:35.044,27.92,4,2024-06,Friday,8
2024-06-28 17:51:53.993,23.02,5,2024-06,Friday,17
2024-06-28 21:50:55.375,32.82,1,2024-06,Friday,21
2024-06-28 21:52:01.867,37.72,7,2024-06,Friday,21
2024-06-28 22:28:19.976,37.72,2,2024-06,Friday,22
2024-06-29 09:47:10.304,32.82,1,2024-06,Saturday,9
2024-06-29 11:40:19.582,32.82,1,2024-06,Saturday,11
2024-06-29 11:41:26.609,32.82,1,2024-06,Saturday,11
2024-06-29 12:30:24.358,37.72,2,2024-06,Saturday,12
2024-06-29 12:31:42.582,37.72,2,2024-06,Saturday,12
2024-06-29 17:23:43.583,37.72,2,2024-06,Saturday,17
2024-06-29 17:24:52.377,37.72,6,2024-06,Saturday,17
2024-06-29 21:27:22.449,37.72,7,2024-06,Saturday,21
2024-06-30 10:28:09.842,37.72,7,2024-06,Sunday,10
2024-06-30 13:05:50.620,23.02,5,2024-06,Sunday,13
2024-06-30 16:54:41.679,37.72,6,2024-06,Sunday,16
2024-06-30 21:04:09.746,32.82,1,2024-06,Sunday,21
2024-07-01 18:07:26.760,23.02,5,2024-07,Monday,18
2024-07-01 18:56:51.844,37.72,2,2024-07,Monday,18
2024-07-01 18:57:54.267,37.72,2,2024-07,Monday,18
2024-07-02 10:42:54.057,32.82,1,2024-07,Tuesday,10
2024-07-02 10:45:00.617,27.92,0,2024-07,Tuesday,10
2024-07-02 12:48:05.181,37.72,7,2024-07,Tuesday,12
2024-07-02 14:03:13.231,27.92,0,2024-07,Tuesday,14
2024-07-02 16:31:24.337,32.82,1,2024-07,Tuesday,16
2024-07-02 22:02:23.576,32.82,1,2024-07,Tuesday,22
2024-07-03 13:51:14.935,32.82,1,2024-07,Wednesday,13
2024-07-03 16:01:16.554,37.72,2,2024-07,Wednesday,16
2024-07-03 16:50:25.223,37.72,2,2024-07,Wednesday,16
2024-07-03 16:53:15.618,32.82,1,2024-07,Wednesday,16
2024-07-03 16:54:22.907,32.82,1,2024-07,Wednesday,16
2024-07-03 16:55:31.423,37.72,7,2024-07,Wednesday,16
2024-07-03 16:59:25.580,23.02,5,2024-07,Wednesday,16
2024-07-03 17:59:01.827,37.72,2,2024-07,Wednesday,17
2024-07-03 19:06:09.136,37.72,7,2024-07,Wednesday,19
2024-07-04 10:26:23.725,32.82,1,2024-07,Thursday,10
2024-07-04 10:27:30.261,27.92,0,2024-07,Thursday,10
2024-07-05 12:20:28.670,37.72,3,2024-07,Friday,12
2024-07-05 13:43:43.134,32.82,1,2024-07,Friday,13
2024-07-05 13:44:43.829,32.82,1,2024-07,Friday,13
2024-07-05 18:55:56.308,23.02,5,2024-07,Friday,18
2024-07-05 19:55:07.812,27.92,0,2024-07,Friday,19
2024-07-05 22:11:56.471,23.02,5,2024-07,Friday,22
2024-07-05 22:18:03.324,27.92,0,2024-07,Friday,22
2024-07-05 22:18:56.945,27.92,0,2024-07,Friday,22
2024-07-05 22:20:01.149,37.72,2,2024-07,Friday,22
2024-07-05 22:21:09.457,32.82,1,2024-07,Friday,22
2024-07-06 10:28:06.826,37.72,7,2024-07,Saturday,10
2024-07-06 17:15:46.042,32.82,7,2024-07,Saturday,17
2024-07-06 17:17:01.046,32.82,7,2024-07,Saturday,17
2024-07-06 19:09:46.107,32.82,7,2024-07,Saturday,19
2024-07-06 19:10:39.580,27.92,1,2024-07,Saturday,19
2024-07-07 09:04:20.169,32.82,2,2024-07,Sunday,9
2024-07-07 09:14:29.225,27.92,1,2024-07,Sunday,9
2024-07-07 09:15:36.815,27.92,1,2024-07,Sunday,9
2024-07-07 09:28:48.876,32.82,2,2024-07,Sunday,9
2024-07-07 09:29:56.189,32.82,2,2024-07,Sunday,9
2024-07-07 14:56:30.193,32.82,6,2024-07,Sunday,14
2024-07-07 14:57:47.411,32.82,3,2024-07,Sunday,14
2024-07-07 17:07:50.284,32.82,7,2024-07,Sunday,17
2024-07-07 19:33:27.187,32.82,2,2024-07,Sunday,19
2024-07-07 20:01:31.653,32.82,6,2024-07,Sunday,20
2024-07-07 22:33:36.255,27.92,1,2024-07,Sunday,22
2024-07-08 07:33:07.724,32.82,7,2024-07,Monday,7
2024-07-08 12:02:50.421,23.02,0,2024-07,Monday,12
2024-07-08 14:40:24.350,23.02,0,2024-07,Monday,14
2024-07-08 19:30:34.976,27.92,1,2024-07,Monday,19
2024-07-08 22:14:46.180,32.82,7,2024-07,Monday,22
2024-07-09 10:26:52.138,27.92,1,2024-07,Tuesday,10
2024-07-09 10:40:28.767,27.92,1,2024-07,Tuesday,10
2024-07-09 11:21:36.103,27.92,1,2024-07,Tuesday,11
2024-07-09 11:22:49.904,32.82,2,2024-07,Tuesday,11
2024-07-09 16:42:59.535,27.92,1,2024-07,Tuesday,16
2024-07-10 11:10:41.690,23.02,0,2024-07,Wednesday,11
2024-07-10 12:28:53.659,27.92,1,2024-07,Wednesday,12
2024-07-10 22:13:10.049,32.82,7,2024-07,Wednesday,22
2024-07-11 11:27:27.562,32.82,6,2024-07,Thursday,11
2024-07-11 16:48:18.709,27.92,1,2024-07,Thursday,16
2024-07-11 22:22:13.648,32.82,7,2024-07,Thursday,22
2024-07-11 22:30:58.541,23.02,0,2024-07,Thursday,22
2024-07-12 08:03:17.492,23.02,4,2024-07,Friday,8
2024-07-12 11:48:33.381,32.82,6,2024-07,Friday,11
2024-07-12 22:33:25.589,32.82,6,2024-07,Friday,22
2024-07-12 22:34:14.307,32.82,6,2024-07,Friday,22
2024-07-12 22:35:29.518,32.82,6,2024-07,Friday,22
2024-07-13 10:38:10.273,32.82,7,2024-07,Saturday,10
2024-07-13 11:41:38.089,32.82,7,2024-07,Saturday,11
2024-07-14 10:54:24.307,23.02,0,2024-07,Sunday,10
2024-07-14 10:55:30.525,27.92,1,2024-07,Sunday,10
2024-07-14 10:56:30.251,32.82,2,2024-07,Sunday,10
2024-07-14 10:57:54.062,32.82,7,2024-07,Sunday,10
2024-07-14 11:02:11.798,23.02,0,2024-07,Sunday,11
2024-07-14 22:31:29.976,32.82,7,2024-07,Sunday,22
2024-07-15 07:33:05.557,32.82,2,2024-07,Monday,7
2024-07-16 12:23:37.467,27.92,1,2024-07,Tuesday,12
2024-07-16 19:29:25.485,32.82,6,2024-07,Tuesday,19
2024-07-17 13:04:59.744,27.92,1,2024-07,Wednesday,13
2024-07-18 11:10:13.393,27.92,1,2024-07,Thursday,11
2024-07-18 11:11:23.434,18.12,5,2024-07,Thursday,11
2024-07-18 11:32:59.624,23.02,0,2024-07,Thursday,11
2024-07-18 11:34:48.437,23.02,0,2024-07,Thursday,11
2024-07-18 11:35:51.505,23.02,4,2024-07,Thursday,11
2024-07-18 13:23:33.812,32.82,7,2024-07,Thursday,13
2024-07-18 18:18:23.378,32.82,2,2024-07,Thursday,18
2024-07-18 19:30:50.562,32.82,7,2024-07,Thursday,19
2024-07-18 21:19:41.814,32.82,6,2024-07,Thursday,21
2024-07-18 21:21:59.855,32.82,7,2024-07,Thursday,21
2024-07-18 21:46:18.674,32.82,7,2024-07,Thursday,21
2024-07-19 11:03:02.341,23.02,0,2024-07,Friday,11
2024-07-19 11:16:20.509,27.92,1,2024-07,Friday,11
2024-07-19 12:58:37.561,32.82,7,2024-07,Friday,12
2024-07-19 12:59:55.383,27.92,1,2024-07,Friday,12
2024-07-19 14:09:20.716,32.82,7,2024-07,Friday,14
2024-07-19 14:11:22.105,32.82,3,2024-07,Friday,14
2024-07-19 16:36:19.272,32.82,7,2024-07,Friday,16
2024-07-19 16:37:35.808,32.82,7,2024-07,Friday,16
2024-07-20 08:05:44.469,23.02,0,2024-07,Saturday,8
2024-07-20 08:06:48.685,32.82,7,2024-07,Saturday,8
2024-07-20 08:07:51.433,23.02,0,2024-07,Saturday,8
2024-07-20 09:00:53.605,32.82,7,2024-07,Saturday,9
2024-07-20 09:02:27.848,32.82,7,2024-07,Saturday,9
2024-07-20 10:39:21.044,23.02,0,2024-07,Saturday,10
2024-07-20 15:15:09.221,32.82,7,2024-07,Saturday,15
2024-07-21 10:30:55.818,32.82,3,2024-07,Sunday,10
2024-07-21 11:39:28.776,32.82,2,2024-07,Sunday,11
2024-07-21 13:34:30.849,23.02,4,2024-07,Sunday,13
2024-07-21 13:42:31.444,32.82,7,2024-07,Sunday,13
2024-07-22 08:13:23.147,23.02,0,2024-07,Monday,8
2024-07-22 08:40:49.554,23.02,0,2024-07,Monday,8
2024-07-22 10:15:37.266,27.92,1,2024-07,Monday,10
2024-07-22 16:44:37.593,32.82,7,2024-07,Monday,16
2024-07-23 08:12:56.229,32.82,7,2024-07,Tuesday,8
2024-07-23 08:40:18.981,23.02,0,2024-07,Tuesday,8
2024-07-23 08:44:53.816,27.92,1,2024-07,Tuesday,8
2024-07-23 08:49:25.107,32.82,3,2024-07,Tuesday,8
2024-07-23 08:51:10.365,32.82,7,2024-07,Tuesday,8
2024-07-23 09:01:45.707,23.02,0,2024-07,Tuesday,9
2024-07-23 10:03:36.492,27.92,1,2024-07,Tuesday,10
2024-07-23 15:20:04.971,27.92,1,2024-07,Tuesday,15
2024-07-23 15:21:01.280,32.82,7,2024-07,Tuesday,15
2024-07-23 21:01:40.612,32.82,7,2024-07,Tuesday,21
2024-07-23 21:23:13.501,23.02,0,2024-07,Tuesday,21
2024-07-23 21:24:22.609,23.02,0,2024-07,Tuesday,21
2024-07-24 09:16:09.814,27.92,1,2024-07,Wednesday,9
2024-07-24 09:38:55.007,27.92,1,2024-07,Wednesday,9
2024-07-24 09:54:37.456,18.12,5,2024-07,Wednesday,9
2024-07-24 11:43:53.121,32.82,2,2024-07,Wednesday,11
2024-07-24 13:55:13.821,32.82,7,2024-07,Wednesday,13
2024-07-24 14:45:49.766,18.12,5,2024-07,Wednesday,14
2024-07-24 15:18:30.522,32.82,7,2024-07,Wednesday,15
2024-07-24 19:15:05.678,32.82,2,2024-07,Wednesday,19
2024-07-24 19:16:59.779,32.82,2,2024-07,Wednesday,19
2024-07-24 21:17:36.797,27.92,1,2024-07,Wednesday,21
2024-07-24 21:18:41.294,23.02,0,2024-07,Wednesday,21
2024-07-24 21:25:17.493,23.02,0,2024-07,Wednesday,21
2024-07-25 07:54:47.935,23.02,0,2024-07,Thursday,7
2024-07-25 08:49:18.428,32.82,7,2024-07,Thursday,8
2024-07-25 10:29:44.629,27.92,1,2024-07,Thursday,10
2024-07-25 11:26:04.701,23.02,0,2024-07,Thursday,11
2024-07-25 15:25:06.512,32.82,2,2024-07,Thursday,15
2024-07-25 19:21:00.764,32.82,2,2024-07,Thursday,19
2024-07-25 21:06:01.272,23.02,4,2024-07,Thursday,21
2024-07-25 21:06:50.002,18.12,5,2024-07,Thursday,21
2024-07-25 22:38:51.330,23.02,4,2024-07,Thursday,22
2024-07-25 22:39:46.790,32.82,3,2024-07,Thursday,22
2024-07-26 08:33:01.273,32.82,7,2024-07,Friday,8
2024-07-26 09:19:37.376,27.92,1,2024-07,Friday,9
2024-07-26 09:20:34.344,18.12,5,2024-07,Friday,9
2024-07-26 09:33:11.511,23.02,4,2024-07,Friday,9
2024-07-26 09:34:16.633,23.02,4,2024-07,Friday,9
2024-07-26 09:59:07.867,32.82,7,2024-07,Friday,9
2024-07-26 10:00:02.719,32.82,7,2024-07,Friday,10
2024-07-26 11:47:13.855,27.92,1,2024-07,Friday,11
2024-07-26 12:07:01.670,27.92,1,2024-07,Friday,12
2024-07-26 12:28:08.044,32.82,2,2024-07,Friday,12
2024-07-26 12:29:17.708,32.82,2,2024-07,Friday,12
2024-07-26 13:09:56.138,32.82,7,2024-07,Friday,13
2024-07-26 17:23:29.347,23.02,0,2024-07,Friday,17
2024-07-26 17:58:29.217,32.82,2,2024-07,Friday,17
2024-07-26 21:15:09.612,32.82,7,2024-07,Friday,21
2024-07-26 22:49:52.318,27.92,1,2024-07,Friday,22
2024-07-27 09:09:16.457,32.82,2,2024-07,Saturday,9
2024-07-27 11:55:31.381,27.92,1,2024-07,Saturday,11
2024-07-27 12:25:10.115,27.92,1,2024-07,Saturday,12
2024-07-27 12:26:13.159,18.12,5,2024-07,Saturday,12
2024-07-27 12:33:23.070,27.92,1,2024-07,Saturday,12
2024-07-27 14:28:41.904,18.12,5,2024-07,Saturday,14
2024-07-27 14:51:53.196,32.82,7,2024-07,Saturday,14
2024-07-27 17:02:33.358,32.82,2,2024-07,Saturday,17
2024-07-27 17:03:39.112,32.82,2,2024-07,Saturday,17
2024-07-27 17:09:00.424,27.92,1,2024-07,Saturday,17
2024-07-27 17:10:08.074,27.92,1,2024-07,Saturday,17
2024-07-27 20:55:20.175,32.82,7,2024-07,Saturday,20
2024-07-27 22:56:23.915,32.82,2,2024-07,Saturday,22
2024-07-28 11:07:25.920,18.12,5,2024-07,Sunday,11
2024-07-28 14:17:54.205,27.92,1,2024-07,Sunday,14
2024-07-28 14:18:52.196,32.82,7,2024-07,Sunday,14
2024-07-29 08:12:06.406,32.82,7,2024-07,Monday,8
2024-07-29 09:04:47.972,23.02,0,2024-07,Monday,9
2024-07-29 09:15:46.155,27.92,1,2024-07,Monday,9
2024-07-29 09:19:44.082,23.02,0,2024-07,Monday,9
2024-07-29 09:51:24.747,27.92,1,2024-07,Monday,9
2024-07-29 09:58:29.639,32.82,2,2024-07,Monday,9
2024-07-29 10:43:43.961,32.82,6,2024-07,Monday,10
2024-07-29 10:44:55.846,32.82,6,2024-07,Monday,10
2024-07-29 19:06:31.131,32.82,2,2024-07,Monday,19
2024-07-29 19:30:16.319,23.02,0,2024-07,Monday,19
2024-07-29 21:57:34.419,32.82,3,2024-07,Monday,21
2024-07-30 07:41:10.945,27.92,1,2024-07,Tuesday,7
2024-07-30 08:05:07.216,23.02,4,2024-07,Tuesday,8
2024-07-30 08:20:51.115,32.82,2,2024-07,Tuesday,8
2024-07-30 09:13:43.217,27.92,1,2024-07,Tuesday,9
2024-07-30 10:17:11.147,23.02,4,2024-07,Tuesday,10
2024-07-30 10:19:34.213,27.92,1,2024-07,Tuesday,10
2024-07-30 10:23:20.120,32.82,7,2024-07,Tuesday,10
2024-07-30 11:12:07.359,23.02,0,2024-07,Tuesday,11
2024-07-30 11:13:16.218,18.12,5,2024-07,Tuesday,11
2024-07-30 11:14:41.678,27.92,1,2024-07,Tuesday,11
2024-07-30 11:16:01.630,27.92,1,2024-07,Tuesday,11
2024-07-30 11:30:34.737,27.92,1,2024-07,Tuesday,11
2024-07-30 11:31:40.809,27.92,1,2024-07,Tuesday,11
2024-07-30 12:08:07.508,32.82,7,2024-07,Tuesday,12
2024-07-30 15:16:09.628,27.92,1,2024-07,Tuesday,15
2024-07-30 16:08:52.876,23.02,4,2024-07,Tuesday,16
2024-07-30 16:09:43.627,27.92,1,2024-07,Tuesday,16
2024-07-30 20:24:19.874,18.12,5,2024-07,Tuesday,20
2024-07-30 20:53:51.866,27.92,1,2024-07,Tuesday,20
2024-07-30 20:54:46.316,27.92,1,2024-07,Tuesday,20
2024-07-30 20:57:02.324,27.92,1,2024-07,Tuesday,20
2024-07-30 21:33:19.198,32.82,7,2024-07,Tuesday,21
2024-07-30 22:15:21.484,23.02,0,2024-07,Tuesday,22
2024-07-30 22:16:19.260,32.82,2,2024-07,Tuesday,22
2024-07-31 07:59:52.098,27.92,1,2024-07,Wednesday,7
2024-07-31 08:37:41.943,27.92,1,2024-07,Wednesday,8
2024-07-31 08:38:38.236,27.92,1,2024-07,Wednesday,8
2024-07-31 09:54:45.315,23.02,0,2024-07,Wednesday,9
2024-07-31 09:55:45.142,23.02,0,2024-07,Wednesday,9
2024-07-31 09:58:15.863,27.92,1,2024-07,Wednesday,9
2024-07-31 13:11:42.609,32.82,3,2024-07,Wednesday,13
2024-07-31 13:14:00.286,32.82,7,2024-07,Wednesday,13
2024-07-31 13:24:49.437,27.92,1,2024-07,Wednesday,13
2024-07-31 17:48:06.787,23.02,4,2024-07,Wednesday,17
2024-07-31 18:04:14.972,32.82,7,2024-07,Wednesday,18
2024-07-31 19:22:38.883,23.02,4,2024-07,Wednesday,19
2024-07-31 19:28:45.141,32.82,7,2024-07,Wednesday,19
2024-07-31 20:46:42.418,32.82,3,2024-07,Wednesday,20
2024-07-31 20:50:07.411,23.02,4,2024-07,Wednesday,20
2024-07-31 20:51:10.383,32.82,7,2024-07,Wednesday,20
2024-07-31 20:52:14.802,32.82,2,2024-07,Wednesday,20
2024-07-31 20:53:35.077,23.02,4,2024-07,Wednesday,20
2024-07-31 20:59:25.013,27.92,1,2024-07,Wednesday,20
2024-07-31 21:26:26.000,32.82,7,2024-07,Wednesday,21
2024-07-31 21:54:11.824,32.82,7,2024-07,Wednesday,21
2024-07-31 21:55:16.570,32.82,7,2024-07,Wednesday,21
